Triples;|E|;|R|;EE;RE;ED;RD
74084325;20766484;271;15.813204350602478;3.222640860076569;7.134989726715413;273373.8929889299
